[
  {
    "Region": "EMEA",
    "Country": "UK",
    "CPIScore": "80",
    "RouteToMarket": "Distributors; Direct to consumer; Direct to business",
    "YTDSales2019": "30253706.414085"
  },
  {
    "Region": "EMEA",
    "Country": "France",
    "CPIScore": "72",
    "RouteToMarket": "Distributors; Direct to consumer; Direct to business ",
    "YTDSales2019": "10410055.968127"
  },
  {
    "Region": "EMEA",
    "Country": "Italy",
    "CPIScore": "52",
    "RouteToMarket": "Distributor",
    "YTDSales2019": "20247714.692022"
  },
  {
    "Region": "EMEA",
    "Country": "Germany",
    "CPIScore": "80",
    "RouteToMarket": "Distributors; Direct to business; Direct to consumer",
    "YTDSales2019": "14209747.267172"
  },
  {
    "Region": "EMEA",
    "Country": "Spain",
    "CPIScore": "58",
    "RouteToMarket": "Distributors; Direct to consumer; Direct to business ",
    "YTDSales2019": "8229655.837723"
  },
  {
    "Region": "EMEA",
    "Country": "Switzerland",
    "CPIScore": "85",
    "RouteToMarket": "Distributors; Direct to consumer; Direct to business ",
    "YTDSales2019": "7907700.457758"
  },
  {
    "Region": "EMEA",
    "Country": "Austria",
    "CPIScore": "76",
    "RouteToMarket": "Monopoly distributor to licensed retail",
    "YTDSales2019": "2446730.01914"
  },
  {
    "Region": "EMEA",
    "Country": "Ireland",
    "CPIScore": "73",
    "RouteToMarket": "Direct to consumer; Direct to business",
    "YTDSales2019": "1805447.328697"
  },
  {
    "Region": "EMEA",
    "Country": "Belgium",
    "CPIScore": "75",
    "RouteToMarket": "Direct to business",
    "YTDSales2019": "408459.577082"
  },
  {
    "Region": "EMEA",
    "Country": "Netherlands",
    "CPIScore": "82",
    "RouteToMarket": "",
    "YTDSales2019": "219185.484158"
  },
  {
    "Region": "EMEA",
    "Country": "Israel",
    "CPIScore": "61",
    "RouteToMarket": "Distributors; Direct to consumer; Direct to business ",
    "YTDSales2019": "9957886.352127"
  },
  {
    "Region": "EMEA",
    "Country": "Russia",
    "CPIScore": "28",
    "RouteToMarket": "Distributor",
    "YTDSales2019": "13358516.160139"
  },
  {
    "Region": "EMEA",
    "Country": "Poland & Baltics",
    "CPIScore": "60",
    "RouteToMarket": "Distributor",
    "YTDSales2019": "2126517.800593"
  },
  {
    "Region": "EMEA",
    "Country": "Czech Republic",
    "CPIScore": "59",
    "RouteToMarket": "Distributors; Direct to consumer; Direct to business ",
    "YTDSales2019": "333703.835025"
  },
  {
    "Region": "EMEA",
    "Country": "Ukraine",
    "CPIScore": "32",
    "RouteToMarket": "Distributor",
    "YTDSales2019": "1748424.4"
  },
  {
    "Region": "APAC",
    "Country": "South Korea",
    "CPIScore": "57",
    "RouteToMarket": "Direct",
    "YTDSales2019": ""
  },
  {
    "Region": "APAC",
    "Country": "Indonesia",
    "CPIScore": "38",
    "RouteToMarket": "Distributor",
    "YTDSales2019": ""
  },
  {
    "Region": "APAC",
    "Country": "New Zealand",
    "CPIScore": "87",
    "RouteToMarket": "Direct",
    "YTDSales2019": ""
  },
  {
    "Region": "APAC",
    "Country": "Philippines",
    "CPIScore": "36",
    "RouteToMarket": "Distributor",
    "YTDSales2019": ""
  },
  {
    "Region": "APAC",
    "Country": "Bangladesh",
    "CPIScore": "26",
    "RouteToMarket": "Distributor",
    "YTDSales2019": ""
  },
  {
    "Region": "APAC",
    "Country": "India ",
    "CPIScore": "41",
    "RouteToMarket": "Distributor",
    "YTDSales2019": ""
  },
  {
    "Region": "APAC",
    "Country": "Pakistan",
    "CPIScore": "33",
    "RouteToMarket": "Distributor",
    "YTDSales2019": ""
  }
]

		