{
   "title":"The Incredibles",
   "year":"2004",
   "type":"movie",
   "id":"9806",
   "imdb_id":"tt0317705",
   "rating":8.6,
   "tagline":"No gut, no glory",
   "overview":"Bob Parr has given up his superhero days to log in time as an insurance adjuster and raise his three children with his formerly heroic wife in suburbia. But when he receives a mysterious assignment, it\'s time to get back into costume.",
   "runtime":115,
   "budget":92000000,
   "image":"http:\/\/cf2.imgobject.com\/t\/p\/w185\/jjAgMfj0TAPvdC8E5AqDm2BBeYz.jpg",
   "trailer":"rMfrFG_69zM"
}