[
  {
    "ThirdPartyType": "Deal Sourcing Consultant",
    "ThirdPartyName": "Tobias Backer",
    "Countries": "Denmark",
    "CPIs": 88
  },
  {
    "ThirdPartyType": "Deal Sourcing Consultant",
    "ThirdPartyName": "Tobias Backer",
    "Countries": "Germany",
    "CPIs": 80
  },
  {
    "ThirdPartyType": "Deal Sourcing Consultant",
    "ThirdPartyName": "Tobias Backer",
    "Countries": "Greece",
    "CPIs": 45
  },
  {
    "ThirdPartyType": "Deal Sourcing Consultant",
    "ThirdPartyName": "Tobias Backer",
    "Countries": "Mexico",
    "CPIs": 28
  },
  {
    "ThirdPartyType": "Deal Sourcing Consultant",
    "ThirdPartyName": "Tobias Backer",
    "Countries": "Norway",
    "CPIs": 84
  },
  {
    "ThirdPartyType": "Deal Sourcing Consultant",
    "ThirdPartyName": "Tobias Backer",
    "Countries": "Singapore",
    "CPIs": 85
  },
  {
    "ThirdPartyType": "Deal Sourcing Consultant",
    "ThirdPartyName": "Tobias Backer",
    "Countries": "Turkey",
    "CPIs": 41
  },
  {
    "ThirdPartyType": "Deal Sourcing Consultant",
    "ThirdPartyName": "Tobias Backer",
    "Countries": "United Kingdom.",
    "CPIs": 80
  },
  {
    "ThirdPartyType": "Deal Sourcing Consultant",
    "ThirdPartyName": "Tobias Backer",
    "Countries": "UAE",
    "CPIs": 70
  },
  {
    "ThirdPartyType": "Deal Sourcing Consultant",
    "ThirdPartyName": "Tobias Backer",
    "Countries": "United States",
    "CPIs": 71
  },
  {
    "ThirdPartyType": "Deal Sourcing Consultant",
    "ThirdPartyName": "Xavier Clement",
    "Countries": "Belgium",
    "CPIs": 75
  },
  {
    "ThirdPartyType": "Deal Sourcing Consultant",
    "ThirdPartyName": "Xavier Clement",
    "Countries": "France",
    "CPIs": 72
  },
  {
    "ThirdPartyType": "Deal Sourcing Consultant",
    "ThirdPartyName": "Xavier Clement",
    "Countries": "Germany",
    "CPIs": 80
  },
  {
    "ThirdPartyType": "Deal Sourcing Consultant",
    "ThirdPartyName": "Xavier Clement",
    "Countries": "Luxembourg",
    "CPIs": 81
  },
  {
    "ThirdPartyType": "Deal Sourcing Consultant",
    "ThirdPartyName": "Xavier Clement",
    "Countries": "Netherlands",
    "CPIs": 82
  },
  {
    "ThirdPartyType": "Deal Sourcing Consultant",
    "ThirdPartyName": "Carlos Gila",
    "Countries": "Spain",
    "CPIs": 58
  },
  {
    "ThirdPartyType": "Deal Sourcing Consultant",
    "ThirdPartyName": "Fredeic Goig",
    "Countries": "Finland",
    "CPIs": 85
  },
  {
    "ThirdPartyType": "Deal Sourcing Consultant",
    "ThirdPartyName": "Fredeic Goig",
    "Countries": "France",
    "CPIs": 72
  },
  {
    "ThirdPartyType": "Deal Sourcing Consultant",
    "ThirdPartyName": "Fredeic Goig",
    "Countries": "Germany",
    "CPIs": 80
  },
  {
    "ThirdPartyType": "Deal Sourcing Consultant",
    "ThirdPartyName": "Fredeic Goig",
    "Countries": "Italy",
    "CPIs": 52
  },
  {
    "ThirdPartyType": "Deal Sourcing Consultant",
    "ThirdPartyName": "Fredeic Goig",
    "Countries": "Norway",
    "CPIs": 84
  },
  {
    "ThirdPartyType": "Deal Sourcing Consultant",
    "ThirdPartyName": "Fredeic Goig",
    "Countries": "Spain",
    "CPIs": 58
  },
  {
    "ThirdPartyType": "Deal Sourcing Consultant",
    "ThirdPartyName": "Fredeic Goig",
    "Countries": "Turkey",
    "CPIs": 41
  },
  {
    "ThirdPartyType": "Deal Sourcing Consultant",
    "ThirdPartyName": "Fredeic Goig",
    "Countries": "United Kingdom",
    "CPIs": 80
  },
 
  {
    "ThirdPartyType": "Placement Agent",
    "ThirdPartyName": "HMC Itajuba",
    "Countries": "Brazil",
    "CPIs": 35
  },
  {
    "ThirdPartyType": "Deal Sourcing Consultant",
    "ThirdPartyName": "Tommy Jensen",
    "Countries": "Denmark",
    "CPIs": 88
  },
  {
    "ThirdPartyType": "Deal Sourcing Consultant",
    "ThirdPartyName": "Tommy Jensen",
    "Countries": "Germany",
    "CPIs": 80
  },
  {
    "ThirdPartyType": "Deal Sourcing Consultant",
    "ThirdPartyName": "Tommy Jensen",
    "Countries": "Italy",
    "CPIs": 52
  },
  {
    "ThirdPartyType": "Deal Sourcing Consultant",
    "ThirdPartyName": "Tommy Jensen",
    "Countries": "Norway",
    "CPIs": 84
  },
  {
    "ThirdPartyType": "Deal Sourcing Consultant",
    "ThirdPartyName": "Tommy Jensen",
    "Countries": "Poland",
    "CPIs": 60
  },
  {
    "ThirdPartyType": "Deal Sourcing Consultant",
    "ThirdPartyName": "Tommy Jensen",
    "Countries": "United Kingdom",
    "CPIs": 80
  },
  {
    "ThirdPartyType": "Deal Sourcing Consultant",
    "ThirdPartyName": "David Kaplan",
    "Countries": "Albania",
    "CPIs": 36
  },
  {
    "ThirdPartyType": "Deal Sourcing Consultant",
    "ThirdPartyName": "David Kaplan",
    "Countries": "Andorra",
    "CPIs": "N/A"
  },
  {
    "ThirdPartyType": "Deal Sourcing Consultant",
    "ThirdPartyName": "David Kaplan",
    "Countries": "Armenia",
    "CPIs": 35
  },
  {
    "ThirdPartyType": "Deal Sourcing Consultant",
    "ThirdPartyName": "David Kaplan",
    "Countries": "Austria",
    "CPIs": 76
  },
  {
    "ThirdPartyType": "Deal Sourcing Consultant",
    "ThirdPartyName": "David Kaplan",
    "Countries": "Azerbaijan",
    "CPIs": 25
  },
  {
    "ThirdPartyType": "Deal Sourcing Consultant",
    "ThirdPartyName": "David Kaplan",
    "Countries": "Belarus",
    "CPIs": 44
  },
  {
    "ThirdPartyType": "Deal Sourcing Consultant",
    "ThirdPartyName": "David Kaplan",
    "Countries": "Belgium",
    "CPIs": 75
  },
  {
    "ThirdPartyType": "Deal Sourcing Consultant",
    "ThirdPartyName": "David Kaplan",
    "Countries": "Bosnia and Herzegovina",
    "CPIs": 38
  },
  {
    "ThirdPartyType": "Deal Sourcing Consultant",
    "ThirdPartyName": "David Kaplan",
    "Countries": "Bulgaria",
    "CPIs": 42
  },
  {
    "ThirdPartyType": "Deal Sourcing Consultant",
    "ThirdPartyName": "David Kaplan",
    "Countries": "Croatia",
    "CPIs": 48
  },
  {
    "ThirdPartyType": "Deal Sourcing Consultant",
    "ThirdPartyName": "David Kaplan",
    "Countries": "Cyprus",
    "CPIs": 59
  },
  {
    "ThirdPartyType": "Deal Sourcing Consultant",
    "ThirdPartyName": "David Kaplan",
    "Countries": "Czech Republic",
    "CPIs": 59
  },
  {
    "ThirdPartyType": "Deal Sourcing Consultant",
    "ThirdPartyName": "David Kaplan",
    "Countries": "Denmark",
    "CPIs": 88
  },
  {
    "ThirdPartyType": "Deal Sourcing Consultant",
    "ThirdPartyName": "David Kaplan",
    "Countries": "Estonia",
    "CPIs": 73
  },
  {
    "ThirdPartyType": "Deal Sourcing Consultant",
    "ThirdPartyName": "David Kaplan",
    "Countries": "Finland",
    "CPIs": 85
  },
  {
    "ThirdPartyType": "Deal Sourcing Consultant",
    "ThirdPartyName": "David Kaplan",
    "Countries": "France",
    "CPIs": 72
  },
  {
    "ThirdPartyType": "Deal Sourcing Consultant",
    "ThirdPartyName": "David Kaplan",
    "Countries": "Georgia",
    "CPIs": 58
  },
  {
    "ThirdPartyType": "Deal Sourcing Consultant",
    "ThirdPartyName": "David Kaplan",
    "Countries": "Germany",
    "CPIs": 80
  },
  {
    "ThirdPartyType": "Deal Sourcing Consultant",
    "ThirdPartyName": "David Kaplan",
    "Countries": "Greece",
    "CPIs": 45
  },
  {
    "ThirdPartyType": "Deal Sourcing Consultant",
    "ThirdPartyName": "David Kaplan",
    "Countries": "Hungary",
    "CPIs": 46
  },
  {
    "ThirdPartyType": "Deal Sourcing Consultant",
    "ThirdPartyName": "David Kaplan",
    "Countries": "Iceland",
    "CPIs": 76
  },
  {
    "ThirdPartyType": "Deal Sourcing Consultant",
    "ThirdPartyName": "David Kaplan",
    "Countries": "Ireland",
    "CPIs": 73
  },
  {
    "ThirdPartyType": "Deal Sourcing Consultant",
    "ThirdPartyName": "David Kaplan",
    "Countries": "Italy",
    "CPIs": 52
  },
  {
    "ThirdPartyType": "Deal Sourcing Consultant",
    "ThirdPartyName": "David Kaplan",
    "Countries": "Kazakhstan",
    "CPIs": 31
  },
  {
    "ThirdPartyType": "Deal Sourcing Consultant",
    "ThirdPartyName": "David Kaplan",
    "Countries": "Kosovo",
    "CPIs": 37
  },
  {
    "ThirdPartyType": "Deal Sourcing Consultant",
    "ThirdPartyName": "David Kaplan",
    "Countries": "Latvia",
    "CPIs": 58
  },

  {
    "ThirdPartyType": "Deal Sourcing Consultant",
    "ThirdPartyName": "David Kaplan",
    "Countries": "Lithuania",
    "CPIs": 59
  },
  {
    "ThirdPartyType": "Deal Sourcing Consultant",
    "ThirdPartyName": "David Kaplan",
    "Countries": "Luxembourg",
    "CPIs": 81
  },
  {
    "ThirdPartyType": "Deal Sourcing Consultant",
    "ThirdPartyName": "David Kaplan",
    "Countries": "Malta",
    "CPIs": 54
  },
  {
    "ThirdPartyType": "Deal Sourcing Consultant",
    "ThirdPartyName": "David Kaplan",
    "Countries": "Moldova",
    "CPIs": 33
  },
  {
    "ThirdPartyType": "Deal Sourcing Consultant",
    "ThirdPartyName": "David Kaplan",
    "Countries": "Monaco",
    "CPIs": "N/A"
  },
  {
    "ThirdPartyType": "Deal Sourcing Consultant",
    "ThirdPartyName": "David Kaplan",
    "Countries": "Monte Negro",
    "CPIs": 45
  },
  {
    "ThirdPartyType": "Deal Sourcing Consultant",
    "ThirdPartyName": "David Kaplan",
    "Countries": "Netherlands",
    "CPIs": 82
  },
  {
    "ThirdPartyType": "Deal Sourcing Consultant",
    "ThirdPartyName": "David Kaplan",
    "Countries": "North Macedonia",
    "CPIs": 37
  },
  {
    "ThirdPartyType": "Deal Sourcing Consultant",
    "ThirdPartyName": "David Kaplan",
    "Countries": "Norway",
    "CPIs": 84
  },
  {
    "ThirdPartyType": "Deal Sourcing Consultant",
    "ThirdPartyName": "David Kaplan",
    "Countries": "Poland",
    "CPIs": 60
  },
  {
    "ThirdPartyType": "Deal Sourcing Consultant",
    "ThirdPartyName": "David Kaplan",
    "Countries": "Portugal",
    "CPIs": 64
  },
  {
    "ThirdPartyType": "Deal Sourcing Consultant",
    "ThirdPartyName": "David Kaplan",
    "Countries": "Romania",
    "CPIs": 47
  },
  {
    "ThirdPartyType": "Deal Sourcing Consultant",
    "ThirdPartyName": "David Kaplan",
    "Countries": "Russia",
    "CPIs": 28
  },
 
  {
    "ThirdPartyType": "Deal Sourcing Consultant",
    "ThirdPartyName": "David Kaplan",
    "Countries": "Serbia",
    "CPIs": 39
  },
  {
    "ThirdPartyType": "Deal Sourcing Consultant",
    "ThirdPartyName": "David Kaplan",
    "Countries": "Slovakia",
    "CPIs": 50
  },
  {
    "ThirdPartyType": "Deal Sourcing Consultant",
    "ThirdPartyName": "David Kaplan",
    "Countries": "Slovenia",
    "CPIs": 60
  },
  {
    "ThirdPartyType": "Deal Sourcing Consultant",
    "ThirdPartyName": "David Kaplan",
    "Countries": "Spain",
    "CPIs": 58
  },
  {
    "ThirdPartyType": "Deal Sourcing Consultant",
    "ThirdPartyName": "David Kaplan",
    "Countries": "Sweden",
    "CPIs": 85
  },
  {
    "ThirdPartyType": "Deal Sourcing Consultant",
    "ThirdPartyName": "David Kaplan",
    "Countries": "Switzerland",
    "CPIs": 85
  },
  {
    "ThirdPartyType": "Deal Sourcing Consultant",
    "ThirdPartyName": "David Kaplan",
    "Countries": "Turkey",
    "CPIs": 41
  },
  {
    "ThirdPartyType": "Deal Sourcing Consultant",
    "ThirdPartyName": "David Kaplan",
    "Countries": "United Kingdom",
    "CPIs": 80
  },
  {
    "ThirdPartyType": "Deal Sourcing Consultant",
    "ThirdPartyName": "David Kaplan",
    "Countries": "Ukraine",
    "CPIs": 32
  },
  {
    "ThirdPartyType": "Deal Sourcing Consultant",
    "ThirdPartyName": "David Kaplan",
    "Countries": "Vatican City",
    "CPIs": "N/A"
  },
  {
    "ThirdPartyType": "Deal Sourcing Consultant",
    "ThirdPartyName": "Barry Lawrence",
    "Countries": "Bermuda",
    "CPIs": "N/A"
  },
  {
    "ThirdPartyType": "Deal Sourcing Consultant",
    "ThirdPartyName": "Barry Lawrence",
    "Countries": "Carribean",
    "CPIs": "N/A"
  },
  {
    "ThirdPartyType": "Deal Sourcing Consultant",
    "ThirdPartyName": "Barry Lawrence",
    "Countries": "Italy",
    "CPIs": 52
  },
  {
    "ThirdPartyType": "Deal Sourcing Consultant",
    "ThirdPartyName": "Barry Lawrence",
    "Countries": "United States",
    "CPIs": 71
  },
  {
    "ThirdPartyType": "Deal Sourcing Consultant",
    "ThirdPartyName": "Rachel Lupiani",
    "Countries": "Belgium",
    "CPIs": 75
  },
  {
    "ThirdPartyType": "Deal Sourcing Consultant",
    "ThirdPartyName": "Rachel Lupiani",
    "Countries": "France",
    "CPIs": 72
  },
  {
    "ThirdPartyType": "Deal Sourcing Consultant",
    "ThirdPartyName": "Rachel Lupiani",
    "Countries": "Italy",
    "CPIs": 52
  },
  {
    "ThirdPartyType": "Deal Sourcing Consultant",
    "ThirdPartyName": "Rachel Lupiani",
    "Countries": "Luxembourg",
    "CPIs": 81
  },
  {
    "ThirdPartyType": "Deal Sourcing Consultant",
    "ThirdPartyName": "Rachel Lupiani",
    "Countries": "Netherlands",
    "CPIs": 82
  },
  {
    "ThirdPartyType": "Deal Sourcing Consultant",
    "ThirdPartyName": "Rachel Lupiani",
    "Countries": "Portugal",
    "CPIs": 64
  },
  {
    "ThirdPartyType": "Deal Sourcing Consultant",
    "ThirdPartyName": "Rachel Lupiani",
    "Countries": "Spain",
    "CPIs": 58
  },
  {
    "ThirdPartyType": "Deal Sourcing Consultant",
    "ThirdPartyName": "Rachel Lupiani",
    "Countries": "Switzerland",
    "CPIs": 85
  },

  {
    "ThirdPartyType": "Deal Sourcing Consultant",
    "ThirdPartyName": "Andy Popovich",
    "Countries": "Argentina",
    "CPIs": 40
  },
  {
    "ThirdPartyType": "Deal Sourcing Consultant",
    "ThirdPartyName": "Andy Popovich",
    "Countries": "Austria",
    "CPIs": 76
  },
  {
    "ThirdPartyType": "Deal Sourcing Consultant",
    "ThirdPartyName": "Andy Popovich",
    "Countries": "Bahrain",
    "CPIs": 36
  },
  {
    "ThirdPartyType": "Deal Sourcing Consultant",
    "ThirdPartyName": "Andy Popovich",
    "Countries": "Belgium",
    "CPIs": 75
  },
  {
    "ThirdPartyType": "Deal Sourcing Consultant",
    "ThirdPartyName": "Andy Popovich",
    "Countries": "Belize",
    "CPIs": "N/A"
  },
  {
    "ThirdPartyType": "Deal Sourcing Consultant",
    "ThirdPartyName": "Andy Popovich",
    "Countries": "Bolivia",
    "CPIs": 29
  },
  {
    "ThirdPartyType": "Deal Sourcing Consultant",
    "ThirdPartyName": "Andy Popovich",
    "Countries": "Brazil",
    "CPIs": 35
  },
  {
    "ThirdPartyType": "Deal Sourcing Consultant",
    "ThirdPartyName": "Andy Popovich",
    "Countries": "Bulgaria",
    "CPIs": 42
  },
  {
    "ThirdPartyType": "Deal Sourcing Consultant",
    "ThirdPartyName": "Andy Popovich",
    "Countries": "Canada",
    "CPIs": 81
  },
  {
    "ThirdPartyType": "Deal Sourcing Consultant",
    "ThirdPartyName": "Andy Popovich",
    "Countries": "Chile ",
    "CPIs": 67
  },
  {
    "ThirdPartyType": "Deal Sourcing Consultant",
    "ThirdPartyName": "Andy Popovich",
    "Countries": "Colombia",
    "CPIs": 36
  },
  {
    "ThirdPartyType": "Deal Sourcing Consultant",
    "ThirdPartyName": "Andy Popovich",
    "Countries": "Costa Rica",
    "CPIs": 56
  },
  {
    "ThirdPartyType": "Deal Sourcing Consultant",
    "ThirdPartyName": "Andy Popovich",
    "Countries": "Croatia",
    "CPIs": 48
  },
  {
    "ThirdPartyType": "Deal Sourcing Consultant",
    "ThirdPartyName": "Andy Popovich",
    "Countries": "Cyprus",
    "CPIs": 59
  },
  {
    "ThirdPartyType": "Deal Sourcing Consultant",
    "ThirdPartyName": "Andy Popovich",
    "Countries": "Czech Republic",
    "CPIs": 59
  },
  {
    "ThirdPartyType": "Deal Sourcing Consultant",
    "ThirdPartyName": "Andy Popovich",
    "Countries": "Denmark",
    "CPIs": 88
  },
  {
    "ThirdPartyType": "Deal Sourcing Consultant",
    "ThirdPartyName": "Andy Popovich",
    "Countries": "Ecuador",
    "CPIs": 34
  },
  {
    "ThirdPartyType": "Deal Sourcing Consultant",
    "ThirdPartyName": "Andy Popovich",
    "Countries": "Egypt",
    "CPIs": 35
  },
  {
    "ThirdPartyType": "Deal Sourcing Consultant",
    "ThirdPartyName": "Andy Popovich",
    "Countries": "El Salvador",
    "CPIs": 35
  },
  {
    "ThirdPartyType": "Deal Sourcing Consultant",
    "ThirdPartyName": "Andy Popovich",
    "Countries": "Estonia",
    "CPIs": 73
  },
  {
    "ThirdPartyType": "Deal Sourcing Consultant",
    "ThirdPartyName": "Andy Popovich",
    "Countries": "Finland",
    "CPIs": 85
  },
  {
    "ThirdPartyType": "Deal Sourcing Consultant",
    "ThirdPartyName": "Andy Popovich",
    "Countries": "France",
    "CPIs": 72
  },
  {
    "ThirdPartyType": "Deal Sourcing Consultant",
    "ThirdPartyName": "Andy Popovich",
    "Countries": "French Guiana",
    "CPIs": "N/A"
  },
  {
    "ThirdPartyType": "Deal Sourcing Consultant",
    "ThirdPartyName": "Andy Popovich",
    "Countries": "Georgia",
    "CPIs": 58
  },
  {
    "ThirdPartyType": "Deal Sourcing Consultant",
    "ThirdPartyName": "Andy Popovich",
    "Countries": "Germany",
    "CPIs": 80
  },
  {
    "ThirdPartyType": "Deal Sourcing Consultant",
    "ThirdPartyName": "Andy Popovich",
    "Countries": "Greece",
    "CPIs": 45
  },
  {
    "ThirdPartyType": "Deal Sourcing Consultant",
    "ThirdPartyName": "Andy Popovich",
    "Countries": "Guatemala",
    "CPIs": 27
  },
  {
    "ThirdPartyType": "Deal Sourcing Consultant",
    "ThirdPartyName": "Andy Popovich",
    "Countries": "Guyana",
    "CPIs": 37
  },
  {
    "ThirdPartyType": "Deal Sourcing Consultant",
    "ThirdPartyName": "Andy Popovich",
    "Countries": "Honduras",
    "CPIs": 29
  },
  {
    "ThirdPartyType": "Deal Sourcing Consultant",
    "ThirdPartyName": "Andy Popovich",
    "Countries": "Hungary",
    "CPIs": 46
  },
  {
    "ThirdPartyType": "Deal Sourcing Consultant",
    "ThirdPartyName": "Andy Popovich",
    "Countries": "Iceland",
    "CPIs": 76
  },
  {
    "ThirdPartyType": "Deal Sourcing Consultant",
    "ThirdPartyName": "Andy Popovich",
    "Countries": "Ireland",
    "CPIs": 73
  },
  {
    "ThirdPartyType": "Deal Sourcing Consultant",
    "ThirdPartyName": "Andy Popovich",
    "Countries": "Israel",
    "CPIs": 61
  },
  {
    "ThirdPartyType": "Deal Sourcing Consultant",
    "ThirdPartyName": "Andy Popovich",
    "Countries": "Italy",
    "CPIs": 52
  },
  {
    "ThirdPartyType": "Deal Sourcing Consultant",
    "ThirdPartyName": "Andy Popovich",
    "Countries": "Jordan",
    "CPIs": 49
  },
  {
    "ThirdPartyType": "Deal Sourcing Consultant",
    "ThirdPartyName": "Andy Popovich",
    "Countries": "Kuwait",
    "CPIs": 41
  },
  {
    "ThirdPartyType": "Deal Sourcing Consultant",
    "ThirdPartyName": "Andy Popovich",
    "Countries": "Latvia",
    "CPIs": 58
  },
  {
    "ThirdPartyType": "Deal Sourcing Consultant",
    "ThirdPartyName": "Andy Popovich",
    "Countries": "Lebanon",
    "CPIs": 28
  },

  {
    "ThirdPartyType": "Deal Sourcing Consultant",
    "ThirdPartyName": "Andy Popovich",
    "Countries": "Lithuania",
    "CPIs": 59
  },
  {
    "ThirdPartyType": "Deal Sourcing Consultant",
    "ThirdPartyName": "Andy Popovich",
    "Countries": "Luxembourg",
    "CPIs": 81
  },
  {
    "ThirdPartyType": "Deal Sourcing Consultant",
    "ThirdPartyName": "Andy Popovich",
    "Countries": "Malta",
    "CPIs": 54
  },
  {
    "ThirdPartyType": "Deal Sourcing Consultant",
    "ThirdPartyName": "Andy Popovich",
    "Countries": "Mexico",
    "CPIs": 28
  },
  {
    "ThirdPartyType": "Deal Sourcing Consultant",
    "ThirdPartyName": "Andy Popovich",
    "Countries": "Monte Negro",
    "CPIs": 45
  },
  {
    "ThirdPartyType": "Deal Sourcing Consultant",
    "ThirdPartyName": "Andy Popovich",
    "Countries": "Netherlands",
    "CPIs": 82
  },
  {
    "ThirdPartyType": "Deal Sourcing Consultant",
    "ThirdPartyName": "Andy Popovich",
    "Countries": "Nicaragua",
    "CPIs": 25
  },
  {
    "ThirdPartyType": "Deal Sourcing Consultant",
    "ThirdPartyName": "Andy Popovich",
    "Countries": "Norway",
    "CPIs": 84
  },
  {
    "ThirdPartyType": "Deal Sourcing Consultant",
    "ThirdPartyName": "Andy Popovich",
    "Countries": "Oman",
    "CPIs": 52
  },
  {
    "ThirdPartyType": "Deal Sourcing Consultant",
    "ThirdPartyName": "Andy Popovich",
    "Countries": "Panama",
    "CPIs": 37
  },
  {
    "ThirdPartyType": "Deal Sourcing Consultant",
    "ThirdPartyName": "Andy Popovich",
    "Countries": "Paraguay",
    "CPIs": 29
  },
  {
    "ThirdPartyType": "Deal Sourcing Consultant",
    "ThirdPartyName": "Andy Popovich",
    "Countries": "Peru",
    "CPIs": 35
  },
  {
    "ThirdPartyType": "Deal Sourcing Consultant",
    "ThirdPartyName": "Andy Popovich",
    "Countries": "Poland",
    "CPIs": 60
  },
  {
    "ThirdPartyType": "Deal Sourcing Consultant",
    "ThirdPartyName": "Andy Popovich",
    "Countries": "Portugal",
    "CPIs": 64
  },
  {
    "ThirdPartyType": "Deal Sourcing Consultant",
    "ThirdPartyName": "Andy Popovich",
    "Countries": "Qatar",
    "CPIs": 62
  },
  {
    "ThirdPartyType": "Deal Sourcing Consultant",
    "ThirdPartyName": "Andy Popovich",
    "Countries": "Romania",
    "CPIs": 47
  },
  {
    "ThirdPartyType": "Deal Sourcing Consultant",
    "ThirdPartyName": "Andy Popovich",
    "Countries": "Saudi Arabia",
    "CPIs": 49
  },
  {
    "ThirdPartyType": "Deal Sourcing Consultant",
    "ThirdPartyName": "Andy Popovich",
    "Countries": "Serbia",
    "CPIs": 39
  },
  {
    "ThirdPartyType": "Deal Sourcing Consultant",
    "ThirdPartyName": "Andy Popovich",
    "Countries": "Slovakia",
    "CPIs": 50
  },
  {
    "ThirdPartyType": "Deal Sourcing Consultant",
    "ThirdPartyName": "Andy Popovich",
    "Countries": "Slovenia",
    "CPIs": 60
  },
  {
    "ThirdPartyType": "Deal Sourcing Consultant",
    "ThirdPartyName": "Andy Popovich",
    "Countries": "Spain",
    "CPIs": 58
  },
  {
    "ThirdPartyType": "Deal Sourcing Consultant",
    "ThirdPartyName": "Andy Popovich",
    "Countries": "Suriname",
    "CPIs": 43
  },
  {
    "ThirdPartyType": "Deal Sourcing Consultant",
    "ThirdPartyName": "Andy Popovich",
    "Countries": "Sweden",
    "CPIs": 85
  },
  {
    "ThirdPartyType": "Deal Sourcing Consultant",
    "ThirdPartyName": "Andy Popovich",
    "Countries": "Turkey",
    "CPIs": 41
  },
  {
    "ThirdPartyType": "Deal Sourcing Consultant",
    "ThirdPartyName": "Andy Popovich",
    "Countries": "United Kingdom",
    "CPIs": 80
  },
  {
    "ThirdPartyType": "Deal Sourcing Consultant",
    "ThirdPartyName": "Andy Popovich",
    "Countries": "UAE",
    "CPIs": 70
  },
  {
    "ThirdPartyType": "Deal Sourcing Consultant",
    "ThirdPartyName": "Andy Popovich",
    "Countries": "Ukraine",
    "CPIs": 32
  },
  {
    "ThirdPartyType": "Deal Sourcing Consultant",
    "ThirdPartyName": "Andy Popovich",
    "Countries": "United States",
    "CPIs": 71
  },
  {
    "ThirdPartyType": "Deal Sourcing Consultant",
    "ThirdPartyName": "Andy Popovich",
    "Countries": "Uruguay",
    "CPIs": 70
  },
  {
    "ThirdPartyType": "Placement Agent",
    "ThirdPartyName": "PTP Securities",
    "Countries": "Canada",
    "CPIs": 81
  },
  {
    "ThirdPartyType": "Placement Agent",
    "ThirdPartyName": "PTP Securities",
    "Countries": "United States",
    "CPIs": 71
  },
  {
    "ThirdPartyType": "Placement Agent",
    "ThirdPartyName": "Shinhan Investment Corp. ",
    "Countries": "South Korea",
    "CPIs": 57
  },
  {
    "ThirdPartyType": "Placement Agent",
    "ThirdPartyName": "Singular Asset Management",
    "Countries": "Chile",
    "CPIs": 67
  },
  {
    "ThirdPartyType": "Placement Agent",
    "ThirdPartyName": "Singular Asset Management",
    "Countries": "Peru",
    "CPIs": 35
  },
  {
    "ThirdPartyType": "Deal Sourcing Consultant",
    "ThirdPartyName": "Spyros Spyropoulos",
    "Countries": "Greece",
    "CPIs": 45
  }
]